epoch,learning_rate,train_loss,train_metric,test_loss,test_metric
1,0.0001,0.004463459145804462,0.05469794198870659,0.004579084716799402,0.05519598349928856
